application_details,name
Online with help and without help,Alone or together - online D
Online with help and without help,Alone or together - online I
Online with help and without help,Alone or together - online S
Online with help and without help,Alone or together - online C
Campus with help and without help,Alone or together - campus D
Campus with help and without help,Alone or together - campus I
Campus with help and without help,Alone or together - campus S
Campus with help and without help,Alone or together - campus C
All Applications,Bryan U info - D
All Applications,Bryan U info - I
All Applications,Bryan U info - S
All Applications,Bryan U info - C
Campus no help and Online no help,Program Info - Master of Business Administration
Campus no help and Online no help,Program Info - Business Administration Bachelor of Science
Campus no help and Online no help,Program Info - Business Administration and Management Associate Degree
Campus no help and Online no help,Program Info - Business Administration Diploma
Campus no help and Online no help,Program Info - CIS Networking Associates Degree
Campus no help and Online no help,Program Info - Computer Networking Specialist Diploma
Campus no help and Online no help,Program Info - Allied Health Management Bachelor of Science Degree
Campus no help and Online no help,Program Info - Healthcare Administration Associates Degree
Campus no help and Online no help,Program Info - Medical Administrative Specialist Associate Degree
Campus no help and Online no help,Program Info - Medical Assistant Associate Degree
Campus no help and Online no help,Program Info - Medical Billing and Coding Associate Degree
Campus no help and Online no help,Program Info - Medical Assistant Diploma
Campus no help and Online no help,Program Info - Mecical Office Assistance Diploma
Campus no help and Online no help,Program Info - Criminal Justice Associate Degree
Campus no help and Online no help,Program Info - Security and Investigation Specialist Diploma
Campus no help and Online no help,Program Info - Excersise Specialist Associate Degree
Campus no help and Online no help,Program Info - Personal Trainer Diploma
Campus no help and Online no help,Program Info - HVAC Associates
Campus with help and without help,Schedule Interview - Campus
Campus with help and without help,Schedule Interview - Online
Online with help and without help,Testing Instructions - Online
Campus with help and without help,Testing Instructions - Campus
All Applications,Admissions Paperwork Description - S
All Applications,Admissions Paperwork Description - C
Campus with help and without help,Schedule FA Appointment - Campus
Online with help and without help,Schedule FA Appointment - Online
All Applications,Request PIN
All Applications,Complete FAFSA - D
All Applications,Complete FAFSA - I
All Applications,Complete FAFSA - S
All Applications,Complete FAFSA - C
All Applications,FA Paperwork Description - S
All Applications,FA Paperwork Description - C
Online with help and without help,Executive Director Acceptance Letter - Online
Specific to Campus,Executive Director Acceptance Letter - Rogers
Specific to Campus,Executive Director Acceptance Letter - Columbia
Specific to Campus,Executive Director Acceptance Letter - Topeka
Specific to Campus,Executive Director Acceptance Letter - Sprinfield
Online with help and without help,Orientation - D
Online with help and without help,Orientation - I
Online with help and without help,Orientation - S
Online with help and without help,Orientation - C
All Applications,Email and Book Validation
Campus no help and Online no help,Bryan U Info - D
Campus no help and Online no help,Bryan U Info - I
Campus no help and Online no help,Bryan U Info - S
Campus no help and Online no help,Bryan U Info - C
Campus with help and without help,Grad Preview
